precision,recall,mAP@0.5,mAP@0.5:0.95
[    0.89183],[     0.8109],0.8827978368007997,0.5885874717106337
